"TIME","Value",
"2005",32.1092499979575,
"2006",33.4092499979575,
"2007",34.8092499979575,
"2008",35.1092499979575,
"2009",37.1092499979575,
"2010",45.0782244689495,
"2011",53.90275,
"2012",66.9665000000001,
"2013",76.6862500000001,
"2014",88.032,
"2015",100,
"2016",106.68575,
"2017",115.658,
"2018",122.24825,
"2019",126.3095,
"2020",129.46475,
"2021",132.7485,
"2022",136.924999998757,